title,price,brand,description
Gants Lacoste enfant Neufs 6-8 ans ,"16,00 ‚Ç¨",Lacoste,"   Lacoste             Gants LACOSTE  Tout NEUFS  Erreur de taille malheureusement, c‚Äôest pour cela que je les vends ... ils sont magnifiques.                "
Mouffles fourr√©es 12 √† 24 mois √©tat neuf,"2,00 ‚Ç¨",None,             Bien chaudes              
Gants imperm√©ables b√©b√© ,"3,00 ‚Ç¨",H&M,   H&M             moufles pour la main enti√®re  taille 2 √† 6 mois h et m  neuves               
Casquette adidas bleue,"6,00 ‚Ç¨",Adidas,   Adidas             Port√©e une fois              
Bonnet Disney Jack le pirate,"6,00 ‚Ç¨",Disney,   Disney             Au top pour l hiver üíü  Bonnet Disney Jack le pirate  Couleur gris et blanc  Taille 52  Neuf                
Bonnet Natalys,"2,00 ‚Ç¨",natalys,   natalys             bon √©tat g√©n√©ral  Taille 2  pour enfant de 2 ans               
"Casquette hello kitty, 54","2,00 ‚Ç¨",Hello Kitty,"   Hello Kitty             Blanche et bleue, taille 54              "
Gorritos de algod√≥n nuevos de h&m,"1,50 ‚Ç¨",H&M,   H&M             Est√°n nuevos con etiqueta. Primera puesta              
Uv pet,"1,00 ‚Ç¨",Hema,"   Hema             Ongedragen, maat 86/92              "
Lot de 2 ceintures ado,"6,00 ‚Ç¨",Kaporal,   Kaporal             Tr√®s bon √©tat                
Gants Kenny ,"15,00 ‚Ç¨",None,"             Vends gants de la marque Kenny √©tat neuf, noirs, taille 3, id√©al petites mains ! Utilis√© pour faire du BMX              "
Gorra Fox ,"6,00 ‚Ç¨",Fox,"   Fox             Usado muy pocas veces,  color negro y naranja.               "
Casquette DPAM rouge,"1,00 ‚Ç¨",None,             Casquette DPAM rouge  0-3 mois               
Bonnet de bain neuf,"1,00 ‚Ç¨",None,             Utilis√© une seule fois. Taille unique.              
Bonnet Disney Jake le pirate,"6,00 ‚Ç¨",Disney,   Disney             Au top pour l hiver üíü  Bonnet Disney Jack le pirate  Couleur marine  Taille 54  Neuf              
Gorra FOX ,"6,00 ‚Ç¨",Fox,   Fox             En buen estado. Negra  Talla Ni√±o para 4-5 a√±os               
Bonnet beige,"1,00 ‚Ç¨",None,             Bonnet beige              
Bonnet en laine Benetton enfant 10-12 ans,"5,00 ‚Ç¨",United Colors of Benetton,   United Colors of Benetton             Neuf sans √©tiquette . article jamais port√© .  Bleu clair .               
Chapka grise 3 mois Oba√Øbi,"1,00 ‚Ç¨",None,             Chapka Grise 3 mois Oba√Øbi              
Bonnet noir reebok enfant 10 12 ans ,"1,50 ‚Ç¨",Reebok,   Reebok             Port√©. Quelques peluches.              
Bretelles noires,"1,00 ‚Ç¨",None,             Bretelles noires port√©es 2 ou 4 fois              
Gants de ski enfant 4 ans ,"3,50 ‚Ç¨",Go sport,   Go sport             tr√®s bon √©tat               
Casquette hiver neuve ,"4,50 ‚Ç¨",oka√Ødi,   oka√Ødi             Tr√®s jolie Casquette hiver neuve avec patch  Touch√© tout doux  Tour de taille 43cm √©quivaut √† 3 mois  Okaidi               
Bonnet petit bateau T45cm,"6,00 ‚Ç¨",Petit Bateau,   Petit Bateau             bonnet coton indiqu√© 67cm mais erreur taille correspond 45cm               
Gants Lacoste enfant Neufs 6-8 ans ,"16,00 ‚Ç¨",Lacoste,"   Lacoste             Gants LACOSTE  Tout NEUFS  Erreur de taille malheureusement, c‚Äôest pour cela que je les vends ... ils sont magnifiques.                "
Mouffles fourr√©es 12 √† 24 mois √©tat neuf,"2,00 ‚Ç¨",None,             Bien chaudes              
Gants imperm√©ables b√©b√© ,"3,00 ‚Ç¨",H&M,   H&M             moufles pour la main enti√®re  taille 2 √† 6 mois h et m  neuves               
Casquette adidas bleue,"6,00 ‚Ç¨",Adidas,   Adidas             Port√©e une fois              
Bonnet Disney Jack le pirate,"6,00 ‚Ç¨",Disney,   Disney             Au top pour l hiver üíü  Bonnet Disney Jack le pirate  Couleur gris et blanc  Taille 52  Neuf                
Bonnet Natalys,"2,00 ‚Ç¨",natalys,   natalys             bon √©tat g√©n√©ral  Taille 2  pour enfant de 2 ans               
"Casquette hello kitty, 54","2,00 ‚Ç¨",Hello Kitty,"   Hello Kitty             Blanche et bleue, taille 54              "
Gorritos de algod√≥n nuevos de h&m,"1,50 ‚Ç¨",H&M,   H&M             Est√°n nuevos con etiqueta. Primera puesta              
Uv pet,"1,00 ‚Ç¨",Hema,"   Hema             Ongedragen, maat 86/92              "
Lot de 2 ceintures ado,"6,00 ‚Ç¨",Kaporal,   Kaporal             Tr√®s bon √©tat                
Gants Kenny ,"15,00 ‚Ç¨",None,"             Vends gants de la marque Kenny √©tat neuf, noirs, taille 3, id√©al petites mains ! Utilis√© pour faire du BMX              "
Gorra Fox ,"6,00 ‚Ç¨",Fox,"   Fox             Usado muy pocas veces,  color negro y naranja.               "
Casquette DPAM rouge,"1,00 ‚Ç¨",None,             Casquette DPAM rouge  0-3 mois               
Bonnet de bain neuf,"1,00 ‚Ç¨",None,             Utilis√© une seule fois. Taille unique.              
Bonnet Disney Jake le pirate,"6,00 ‚Ç¨",Disney,   Disney             Au top pour l hiver üíü  Bonnet Disney Jack le pirate  Couleur marine  Taille 54  Neuf              
Gorra FOX ,"6,00 ‚Ç¨",Fox,   Fox             En buen estado. Negra  Talla Ni√±o para 4-5 a√±os               
Bonnet beige,"1,00 ‚Ç¨",None,             Bonnet beige              
Bonnet en laine Benetton enfant 10-12 ans,"5,00 ‚Ç¨",United Colors of Benetton,   United Colors of Benetton             Neuf sans √©tiquette . article jamais port√© .  Bleu clair .               
Chapka grise 3 mois Oba√Øbi,"1,00 ‚Ç¨",None,             Chapka Grise 3 mois Oba√Øbi              
Bonnet noir reebok enfant 10 12 ans ,"1,50 ‚Ç¨",Reebok,   Reebok             Port√©. Quelques peluches.              
Bretelles noires,"1,00 ‚Ç¨",None,             Bretelles noires port√©es 2 ou 4 fois              
Gants de ski enfant 4 ans ,"3,50 ‚Ç¨",Go sport,   Go sport             tr√®s bon √©tat               
Casquette hiver neuve ,"4,50 ‚Ç¨",oka√Ødi,   oka√Ødi             Tr√®s jolie Casquette hiver neuve avec patch  Touch√© tout doux  Tour de taille 43cm √©quivaut √† 3 mois  Okaidi               
Bonnet petit bateau T45cm,"6,00 ‚Ç¨",Petit Bateau,   Petit Bateau             bonnet coton indiqu√© 67cm mais erreur taille correspond 45cm               
Gants Lacoste enfant Neufs 6-8 ans ,"16,00 ‚Ç¨",Lacoste,"   Lacoste             Gants LACOSTE  Tout NEUFS  Erreur de taille malheureusement, c‚Äôest pour cela que je les vends ... ils sont magnifiques.                "
Mouffles fourr√©es 12 √† 24 mois √©tat neuf,"2,00 ‚Ç¨",None,             Bien chaudes              
Gants imperm√©ables b√©b√© ,"3,00 ‚Ç¨",H&M,   H&M             moufles pour la main enti√®re  taille 2 √† 6 mois h et m  neuves               
Casquette adidas bleue,"6,00 ‚Ç¨",Adidas,   Adidas             Port√©e une fois              
Bonnet Disney Jack le pirate,"6,00 ‚Ç¨",Disney,   Disney             Au top pour l hiver üíü  Bonnet Disney Jack le pirate  Couleur gris et blanc  Taille 52  Neuf                
Bonnet Natalys,"2,00 ‚Ç¨",natalys,   natalys             bon √©tat g√©n√©ral  Taille 2  pour enfant de 2 ans               
"Casquette hello kitty, 54","2,00 ‚Ç¨",Hello Kitty,"   Hello Kitty             Blanche et bleue, taille 54              "
Gorritos de algod√≥n nuevos de h&m,"1,50 ‚Ç¨",H&M,   H&M             Est√°n nuevos con etiqueta. Primera puesta              
Uv pet,"1,00 ‚Ç¨",Hema,"   Hema             Ongedragen, maat 86/92              "
Lot de 2 ceintures ado,"6,00 ‚Ç¨",Kaporal,   Kaporal             Tr√®s bon √©tat                
Gants Kenny ,"15,00 ‚Ç¨",None,"             Vends gants de la marque Kenny √©tat neuf, noirs, taille 3, id√©al petites mains ! Utilis√© pour faire du BMX              "
Gorra Fox ,"6,00 ‚Ç¨",Fox,"   Fox             Usado muy pocas veces,  color negro y naranja.               "
Casquette DPAM rouge,"1,00 ‚Ç¨",None,             Casquette DPAM rouge  0-3 mois               
Bonnet de bain neuf,"1,00 ‚Ç¨",None,             Utilis√© une seule fois. Taille unique.              
Bonnet Disney Jake le pirate,"6,00 ‚Ç¨",Disney,   Disney             Au top pour l hiver üíü  Bonnet Disney Jack le pirate  Couleur marine  Taille 54  Neuf              
Gorra FOX ,"6,00 ‚Ç¨",Fox,   Fox             En buen estado. Negra  Talla Ni√±o para 4-5 a√±os               
Bonnet beige,"1,00 ‚Ç¨",None,             Bonnet beige              
Bonnet en laine Benetton enfant 10-12 ans,"5,00 ‚Ç¨",United Colors of Benetton,   United Colors of Benetton             Neuf sans √©tiquette . article jamais port√© .  Bleu clair .               
Chapka grise 3 mois Oba√Øbi,"1,00 ‚Ç¨",None,             Chapka Grise 3 mois Oba√Øbi              
Bonnet noir reebok enfant 10 12 ans ,"1,50 ‚Ç¨",Reebok,   Reebok             Port√©. Quelques peluches.              
Bretelles noires,"1,00 ‚Ç¨",None,             Bretelles noires port√©es 2 ou 4 fois              
Gants de ski enfant 4 ans ,"3,50 ‚Ç¨",Go sport,   Go sport             tr√®s bon √©tat               
Casquette hiver neuve ,"4,50 ‚Ç¨",oka√Ødi,   oka√Ødi             Tr√®s jolie Casquette hiver neuve avec patch  Touch√© tout doux  Tour de taille 43cm √©quivaut √† 3 mois  Okaidi               
Bonnet petit bateau T45cm,"6,00 ‚Ç¨",Petit Bateau,   Petit Bateau             bonnet coton indiqu√© 67cm mais erreur taille correspond 45cm               
Gants Lacoste enfant Neufs 6-8 ans ,"16,00 ‚Ç¨",Lacoste,"   Lacoste             Gants LACOSTE  Tout NEUFS  Erreur de taille malheureusement, c‚Äôest pour cela que je les vends ... ils sont magnifiques.                "
Mouffles fourr√©es 12 √† 24 mois √©tat neuf,"2,00 ‚Ç¨",None,             Bien chaudes              
Gants imperm√©ables b√©b√© ,"3,00 ‚Ç¨",H&M,   H&M             moufles pour la main enti√®re  taille 2 √† 6 mois h et m  neuves               
Casquette adidas bleue,"6,00 ‚Ç¨",Adidas,   Adidas             Port√©e une fois              
Bonnet Disney Jack le pirate,"6,00 ‚Ç¨",Disney,   Disney             Au top pour l hiver üíü  Bonnet Disney Jack le pirate  Couleur gris et blanc  Taille 52  Neuf                
Bonnet Natalys,"2,00 ‚Ç¨",natalys,   natalys             bon √©tat g√©n√©ral  Taille 2  pour enfant de 2 ans               
"Casquette hello kitty, 54","2,00 ‚Ç¨",Hello Kitty,"   Hello Kitty             Blanche et bleue, taille 54              "
Gorritos de algod√≥n nuevos de h&m,"1,50 ‚Ç¨",H&M,   H&M             Est√°n nuevos con etiqueta. Primera puesta              
Uv pet,"1,00 ‚Ç¨",Hema,"   Hema             Ongedragen, maat 86/92              "
Lot de 2 ceintures ado,"6,00 ‚Ç¨",Kaporal,   Kaporal             Tr√®s bon √©tat                
Gants Kenny ,"15,00 ‚Ç¨",None,"             Vends gants de la marque Kenny √©tat neuf, noirs, taille 3, id√©al petites mains ! Utilis√© pour faire du BMX              "
Gorra Fox ,"6,00 ‚Ç¨",Fox,"   Fox             Usado muy pocas veces,  color negro y naranja.               "
Casquette DPAM rouge,"1,00 ‚Ç¨",None,             Casquette DPAM rouge  0-3 mois               
Bonnet de bain neuf,"1,00 ‚Ç¨",None,             Utilis√© une seule fois. Taille unique.              
Bonnet Disney Jake le pirate,"6,00 ‚Ç¨",Disney,   Disney             Au top pour l hiver üíü  Bonnet Disney Jack le pirate  Couleur marine  Taille 54  Neuf              
Gorra FOX ,"6,00 ‚Ç¨",Fox,   Fox             En buen estado. Negra  Talla Ni√±o para 4-5 a√±os               
Bonnet beige,"1,00 ‚Ç¨",None,             Bonnet beige              
Bonnet en laine Benetton enfant 10-12 ans,"5,00 ‚Ç¨",United Colors of Benetton,   United Colors of Benetton             Neuf sans √©tiquette . article jamais port√© .  Bleu clair .               
Chapka grise 3 mois Oba√Øbi,"1,00 ‚Ç¨",None,             Chapka Grise 3 mois Oba√Øbi              
Bonnet noir reebok enfant 10 12 ans ,"1,50 ‚Ç¨",Reebok,   Reebok             Port√©. Quelques peluches.              
Bretelles noires,"1,00 ‚Ç¨",None,             Bretelles noires port√©es 2 ou 4 fois              
Gants de ski enfant 4 ans ,"3,50 ‚Ç¨",Go sport,   Go sport             tr√®s bon √©tat               
Casquette hiver neuve ,"4,50 ‚Ç¨",oka√Ødi,   oka√Ødi             Tr√®s jolie Casquette hiver neuve avec patch  Touch√© tout doux  Tour de taille 43cm √©quivaut √† 3 mois  Okaidi               
Bonnet petit bateau T45cm,"6,00 ‚Ç¨",Petit Bateau,   Petit Bateau             bonnet coton indiqu√© 67cm mais erreur taille correspond 45cm               
Gants Lacoste enfant Neufs 6-8 ans ,"16,00 ‚Ç¨",Lacoste,"   Lacoste             Gants LACOSTE  Tout NEUFS  Erreur de taille malheureusement, c‚Äôest pour cela que je les vends ... ils sont magnifiques.                "
Mouffles fourr√©es 12 √† 24 mois √©tat neuf,"2,00 ‚Ç¨",None,             Bien chaudes              
Gants imperm√©ables b√©b√© ,"3,00 ‚Ç¨",H&M,   H&M             moufles pour la main enti√®re  taille 2 √† 6 mois h et m  neuves               
Casquette adidas bleue,"6,00 ‚Ç¨",Adidas,   Adidas             Port√©e une fois              
Bonnet Disney Jack le pirate,"6,00 ‚Ç¨",Disney,   Disney             Au top pour l hiver üíü  Bonnet Disney Jack le pirate  Couleur gris et blanc  Taille 52  Neuf                
Bonnet Natalys,"2,00 ‚Ç¨",natalys,   natalys             bon √©tat g√©n√©ral  Taille 2  pour enfant de 2 ans               
"Casquette hello kitty, 54","2,00 ‚Ç¨",Hello Kitty,"   Hello Kitty             Blanche et bleue, taille 54              "
Gorritos de algod√≥n nuevos de h&m,"1,50 ‚Ç¨",H&M,   H&M             Est√°n nuevos con etiqueta. Primera puesta              
Uv pet,"1,00 ‚Ç¨",Hema,"   Hema             Ongedragen, maat 86/92              "
Lot de 2 ceintures ado,"6,00 ‚Ç¨",Kaporal,   Kaporal             Tr√®s bon √©tat                
Gants Kenny ,"15,00 ‚Ç¨",None,"             Vends gants de la marque Kenny √©tat neuf, noirs, taille 3, id√©al petites mains ! Utilis√© pour faire du BMX              "
Gorra Fox ,"6,00 ‚Ç¨",Fox,"   Fox             Usado muy pocas veces,  color negro y naranja.               "
Casquette DPAM rouge,"1,00 ‚Ç¨",None,             Casquette DPAM rouge  0-3 mois               
Bonnet de bain neuf,"1,00 ‚Ç¨",None,             Utilis√© une seule fois. Taille unique.              
Bonnet Disney Jake le pirate,"6,00 ‚Ç¨",Disney,   Disney             Au top pour l hiver üíü  Bonnet Disney Jack le pirate  Couleur marine  Taille 54  Neuf              
Gorra FOX ,"6,00 ‚Ç¨",Fox,   Fox             En buen estado. Negra  Talla Ni√±o para 4-5 a√±os               
Bonnet beige,"1,00 ‚Ç¨",None,             Bonnet beige              
Bonnet en laine Benetton enfant 10-12 ans,"5,00 ‚Ç¨",United Colors of Benetton,   United Colors of Benetton             Neuf sans √©tiquette . article jamais port√© .  Bleu clair .               
Chapka grise 3 mois Oba√Øbi,"1,00 ‚Ç¨",None,             Chapka Grise 3 mois Oba√Øbi              
Bonnet noir reebok enfant 10 12 ans ,"1,50 ‚Ç¨",Reebok,   Reebok             Port√©. Quelques peluches.              
Bretelles noires,"1,00 ‚Ç¨",None,             Bretelles noires port√©es 2 ou 4 fois              
Gants de ski enfant 4 ans ,"3,50 ‚Ç¨",Go sport,   Go sport             tr√®s bon √©tat               
Casquette hiver neuve ,"4,50 ‚Ç¨",oka√Ødi,   oka√Ødi             Tr√®s jolie Casquette hiver neuve avec patch  Touch√© tout doux  Tour de taille 43cm √©quivaut √† 3 mois  Okaidi               
Bonnet petit bateau T45cm,"6,00 ‚Ç¨",Petit Bateau,   Petit Bateau             bonnet coton indiqu√© 67cm mais erreur taille correspond 45cm               
Gants Lacoste enfant Neufs 6-8 ans ,"16,00 ‚Ç¨",Lacoste,"   Lacoste             Gants LACOSTE  Tout NEUFS  Erreur de taille malheureusement, c‚Äôest pour cela que je les vends ... ils sont magnifiques.                "
Mouffles fourr√©es 12 √† 24 mois √©tat neuf,"2,00 ‚Ç¨",None,             Bien chaudes              
Gants imperm√©ables b√©b√© ,"3,00 ‚Ç¨",H&M,   H&M             moufles pour la main enti√®re  taille 2 √† 6 mois h et m  neuves               
Casquette adidas bleue,"6,00 ‚Ç¨",Adidas,   Adidas             Port√©e une fois              
Bonnet Disney Jack le pirate,"6,00 ‚Ç¨",Disney,   Disney             Au top pour l hiver üíü  Bonnet Disney Jack le pirate  Couleur gris et blanc  Taille 52  Neuf                
Bonnet Natalys,"2,00 ‚Ç¨",natalys,   natalys             bon √©tat g√©n√©ral  Taille 2  pour enfant de 2 ans               
"Casquette hello kitty, 54","2,00 ‚Ç¨",Hello Kitty,"   Hello Kitty             Blanche et bleue, taille 54              "
Gorritos de algod√≥n nuevos de h&m,"1,50 ‚Ç¨",H&M,   H&M             Est√°n nuevos con etiqueta. Primera puesta              
Uv pet,"1,00 ‚Ç¨",Hema,"   Hema             Ongedragen, maat 86/92              "
Lot de 2 ceintures ado,"6,00 ‚Ç¨",Kaporal,   Kaporal             Tr√®s bon √©tat                
Gants Kenny ,"15,00 ‚Ç¨",None,"             Vends gants de la marque Kenny √©tat neuf, noirs, taille 3, id√©al petites mains ! Utilis√© pour faire du BMX              "
Gorra Fox ,"6,00 ‚Ç¨",Fox,"   Fox             Usado muy pocas veces,  color negro y naranja.               "
Casquette DPAM rouge,"1,00 ‚Ç¨",None,             Casquette DPAM rouge  0-3 mois               
Bonnet de bain neuf,"1,00 ‚Ç¨",None,             Utilis√© une seule fois. Taille unique.              
Bonnet Disney Jake le pirate,"6,00 ‚Ç¨",Disney,   Disney             Au top pour l hiver üíü  Bonnet Disney Jack le pirate  Couleur marine  Taille 54  Neuf              
Gorra FOX ,"6,00 ‚Ç¨",Fox,   Fox             En buen estado. Negra  Talla Ni√±o para 4-5 a√±os               
Bonnet beige,"1,00 ‚Ç¨",None,             Bonnet beige              
Bonnet en laine Benetton enfant 10-12 ans,"5,00 ‚Ç¨",United Colors of Benetton,   United Colors of Benetton             Neuf sans √©tiquette . article jamais port√© .  Bleu clair .               
Chapka grise 3 mois Oba√Øbi,"1,00 ‚Ç¨",None,             Chapka Grise 3 mois Oba√Øbi              
Bonnet noir reebok enfant 10 12 ans ,"1,50 ‚Ç¨",Reebok,   Reebok             Port√©. Quelques peluches.              
Bretelles noires,"1,00 ‚Ç¨",None,             Bretelles noires port√©es 2 ou 4 fois              
Gants de ski enfant 4 ans ,"3,50 ‚Ç¨",Go sport,   Go sport             tr√®s bon √©tat               
Casquette hiver neuve ,"4,50 ‚Ç¨",oka√Ødi,   oka√Ødi             Tr√®s jolie Casquette hiver neuve avec patch  Touch√© tout doux  Tour de taille 43cm √©quivaut √† 3 mois  Okaidi               
Bonnet petit bateau T45cm,"6,00 ‚Ç¨",Petit Bateau,   Petit Bateau             bonnet coton indiqu√© 67cm mais erreur taille correspond 45cm               
Gants Lacoste enfant Neufs 6-8 ans ,"16,00 ‚Ç¨",Lacoste,"   Lacoste             Gants LACOSTE  Tout NEUFS  Erreur de taille malheureusement, c‚Äôest pour cela que je les vends ... ils sont magnifiques.                "
Mouffles fourr√©es 12 √† 24 mois √©tat neuf,"2,00 ‚Ç¨",None,             Bien chaudes              
Gants imperm√©ables b√©b√© ,"3,00 ‚Ç¨",H&M,   H&M             moufles pour la main enti√®re  taille 2 √† 6 mois h et m  neuves               
Casquette adidas bleue,"6,00 ‚Ç¨",Adidas,   Adidas             Port√©e une fois              
Bonnet Disney Jack le pirate,"6,00 ‚Ç¨",Disney,   Disney             Au top pour l hiver üíü  Bonnet Disney Jack le pirate  Couleur gris et blanc  Taille 52  Neuf                
Bonnet Natalys,"2,00 ‚Ç¨",natalys,   natalys             bon √©tat g√©n√©ral  Taille 2  pour enfant de 2 ans               
"Casquette hello kitty, 54","2,00 ‚Ç¨",Hello Kitty,"   Hello Kitty             Blanche et bleue, taille 54              "
Gorritos de algod√≥n nuevos de h&m,"1,50 ‚Ç¨",H&M,   H&M             Est√°n nuevos con etiqueta. Primera puesta              
Uv pet,"1,00 ‚Ç¨",Hema,"   Hema             Ongedragen, maat 86/92              "
Lot de 2 ceintures ado,"6,00 ‚Ç¨",Kaporal,   Kaporal             Tr√®s bon √©tat                
Gants Kenny ,"15,00 ‚Ç¨",None,"             Vends gants de la marque Kenny √©tat neuf, noirs, taille 3, id√©al petites mains ! Utilis√© pour faire du BMX              "
Gorra Fox ,"6,00 ‚Ç¨",Fox,"   Fox             Usado muy pocas veces,  color negro y naranja.               "
Casquette DPAM rouge,"1,00 ‚Ç¨",None,             Casquette DPAM rouge  0-3 mois               
Bonnet de bain neuf,"1,00 ‚Ç¨",None,             Utilis√© une seule fois. Taille unique.              
Bonnet Disney Jake le pirate,"6,00 ‚Ç¨",Disney,   Disney             Au top pour l hiver üíü  Bonnet Disney Jack le pirate  Couleur marine  Taille 54  Neuf              
Gorra FOX ,"6,00 ‚Ç¨",Fox,   Fox             En buen estado. Negra  Talla Ni√±o para 4-5 a√±os               
Bonnet beige,"1,00 ‚Ç¨",None,             Bonnet beige              
Bonnet en laine Benetton enfant 10-12 ans,"5,00 ‚Ç¨",United Colors of Benetton,   United Colors of Benetton             Neuf sans √©tiquette . article jamais port√© .  Bleu clair .               
Chapka grise 3 mois Oba√Øbi,"1,00 ‚Ç¨",None,             Chapka Grise 3 mois Oba√Øbi              
Bonnet noir reebok enfant 10 12 ans ,"1,50 ‚Ç¨",Reebok,   Reebok             Port√©. Quelques peluches.              
Bretelles noires,"1,00 ‚Ç¨",None,             Bretelles noires port√©es 2 ou 4 fois              
Gants de ski enfant 4 ans ,"3,50 ‚Ç¨",Go sport,   Go sport             tr√®s bon √©tat               
Casquette hiver neuve ,"4,50 ‚Ç¨",oka√Ødi,   oka√Ødi             Tr√®s jolie Casquette hiver neuve avec patch  Touch√© tout doux  Tour de taille 43cm √©quivaut √† 3 mois  Okaidi               
Bonnet petit bateau T45cm,"6,00 ‚Ç¨",Petit Bateau,   Petit Bateau             bonnet coton indiqu√© 67cm mais erreur taille correspond 45cm               
Gants Lacoste enfant Neufs 6-8 ans ,"16,00 ‚Ç¨",Lacoste,"   Lacoste             Gants LACOSTE  Tout NEUFS  Erreur de taille malheureusement, c‚Äôest pour cela que je les vends ... ils sont magnifiques.                "
Mouffles fourr√©es 12 √† 24 mois √©tat neuf,"2,00 ‚Ç¨",None,             Bien chaudes              
Gants imperm√©ables b√©b√© ,"3,00 ‚Ç¨",H&M,   H&M             moufles pour la main enti√®re  taille 2 √† 6 mois h et m  neuves               
Casquette adidas bleue,"6,00 ‚Ç¨",Adidas,   Adidas             Port√©e une fois              
Bonnet Disney Jack le pirate,"6,00 ‚Ç¨",Disney,   Disney             Au top pour l hiver üíü  Bonnet Disney Jack le pirate  Couleur gris et blanc  Taille 52  Neuf                
Bonnet Natalys,"2,00 ‚Ç¨",natalys,   natalys             bon √©tat g√©n√©ral  Taille 2  pour enfant de 2 ans               
"Casquette hello kitty, 54","2,00 ‚Ç¨",Hello Kitty,"   Hello Kitty             Blanche et bleue, taille 54              "
Gorritos de algod√≥n nuevos de h&m,"1,50 ‚Ç¨",H&M,   H&M             Est√°n nuevos con etiqueta. Primera puesta              
Uv pet,"1,00 ‚Ç¨",Hema,"   Hema             Ongedragen, maat 86/92              "
Lot de 2 ceintures ado,"6,00 ‚Ç¨",Kaporal,   Kaporal             Tr√®s bon √©tat                
Gants Kenny ,"15,00 ‚Ç¨",None,"             Vends gants de la marque Kenny √©tat neuf, noirs, taille 3, id√©al petites mains ! Utilis√© pour faire du BMX              "
Gorra Fox ,"6,00 ‚Ç¨",Fox,"   Fox             Usado muy pocas veces,  color negro y naranja.               "
Casquette DPAM rouge,"1,00 ‚Ç¨",None,             Casquette DPAM rouge  0-3 mois               
Bonnet de bain neuf,"1,00 ‚Ç¨",None,             Utilis√© une seule fois. Taille unique.              
Bonnet Disney Jake le pirate,"6,00 ‚Ç¨",Disney,   Disney             Au top pour l hiver üíü  Bonnet Disney Jack le pirate  Couleur marine  Taille 54  Neuf              
Gorra FOX ,"6,00 ‚Ç¨",Fox,   Fox             En buen estado. Negra  Talla Ni√±o para 4-5 a√±os               
Bonnet beige,"1,00 ‚Ç¨",None,             Bonnet beige              
Bonnet en laine Benetton enfant 10-12 ans,"5,00 ‚Ç¨",United Colors of Benetton,   United Colors of Benetton             Neuf sans √©tiquette . article jamais port√© .  Bleu clair .               
Chapka grise 3 mois Oba√Øbi,"1,00 ‚Ç¨",None,             Chapka Grise 3 mois Oba√Øbi              
Bonnet noir reebok enfant 10 12 ans ,"1,50 ‚Ç¨",Reebok,   Reebok             Port√©. Quelques peluches.              
Bretelles noires,"1,00 ‚Ç¨",None,             Bretelles noires port√©es 2 ou 4 fois              
Gants de ski enfant 4 ans ,"3,50 ‚Ç¨",Go sport,   Go sport             tr√®s bon √©tat               
Casquette hiver neuve ,"4,50 ‚Ç¨",oka√Ødi,   oka√Ødi             Tr√®s jolie Casquette hiver neuve avec patch  Touch√© tout doux  Tour de taille 43cm √©quivaut √† 3 mois  Okaidi               
Bonnet petit bateau T45cm,"6,00 ‚Ç¨",Petit Bateau,   Petit Bateau             bonnet coton indiqu√© 67cm mais erreur taille correspond 45cm               
Gants Lacoste enfant Neufs 6-8 ans ,"16,00 ‚Ç¨",Lacoste,"   Lacoste             Gants LACOSTE  Tout NEUFS  Erreur de taille malheureusement, c‚Äôest pour cela que je les vends ... ils sont magnifiques.                "
Mouffles fourr√©es 12 √† 24 mois √©tat neuf,"2,00 ‚Ç¨",None,             Bien chaudes              
Gants imperm√©ables b√©b√© ,"3,00 ‚Ç¨",H&M,   H&M             moufles pour la main enti√®re  taille 2 √† 6 mois h et m  neuves               
Casquette adidas bleue,"6,00 ‚Ç¨",Adidas,   Adidas             Port√©e une fois              
Bonnet Disney Jack le pirate,"6,00 ‚Ç¨",Disney,   Disney             Au top pour l hiver üíü  Bonnet Disney Jack le pirate  Couleur gris et blanc  Taille 52  Neuf                
Bonnet Natalys,"2,00 ‚Ç¨",natalys,   natalys             bon √©tat g√©n√©ral  Taille 2  pour enfant de 2 ans               
"Casquette hello kitty, 54","2,00 ‚Ç¨",Hello Kitty,"   Hello Kitty             Blanche et bleue, taille 54              "
Gorritos de algod√≥n nuevos de h&m,"1,50 ‚Ç¨",H&M,   H&M             Est√°n nuevos con etiqueta. Primera puesta              
Uv pet,"1,00 ‚Ç¨",Hema,"   Hema             Ongedragen, maat 86/92              "
Lot de 2 ceintures ado,"6,00 ‚Ç¨",Kaporal,   Kaporal             Tr√®s bon √©tat                
Gants Kenny ,"15,00 ‚Ç¨",None,"             Vends gants de la marque Kenny √©tat neuf, noirs, taille 3, id√©al petites mains ! Utilis√© pour faire du BMX              "
Gorra Fox ,"6,00 ‚Ç¨",Fox,"   Fox             Usado muy pocas veces,  color negro y naranja.               "
Casquette DPAM rouge,"1,00 ‚Ç¨",None,             Casquette DPAM rouge  0-3 mois               
Bonnet de bain neuf,"1,00 ‚Ç¨",None,             Utilis√© une seule fois. Taille unique.              
Bonnet Disney Jake le pirate,"6,00 ‚Ç¨",Disney,   Disney             Au top pour l hiver üíü  Bonnet Disney Jack le pirate  Couleur marine  Taille 54  Neuf              
Gorra FOX ,"6,00 ‚Ç¨",Fox,   Fox             En buen estado. Negra  Talla Ni√±o para 4-5 a√±os               
Bonnet beige,"1,00 ‚Ç¨",None,             Bonnet beige              
Bonnet en laine Benetton enfant 10-12 ans,"5,00 ‚Ç¨",United Colors of Benetton,   United Colors of Benetton             Neuf sans √©tiquette . article jamais port√© .  Bleu clair .               
Chapka grise 3 mois Oba√Øbi,"1,00 ‚Ç¨",None,             Chapka Grise 3 mois Oba√Øbi              
Bonnet noir reebok enfant 10 12 ans ,"1,50 ‚Ç¨",Reebok,   Reebok             Port√©. Quelques peluches.              
Bretelles noires,"1,00 ‚Ç¨",None,             Bretelles noires port√©es 2 ou 4 fois              
Gants de ski enfant 4 ans ,"3,50 ‚Ç¨",Go sport,   Go sport             tr√®s bon √©tat               
Casquette hiver neuve ,"4,50 ‚Ç¨",oka√Ødi,   oka√Ødi             Tr√®s jolie Casquette hiver neuve avec patch  Touch√© tout doux  Tour de taille 43cm √©quivaut √† 3 mois  Okaidi               
Bonnet petit bateau T45cm,"6,00 ‚Ç¨",Petit Bateau,   Petit Bateau             bonnet coton indiqu√© 67cm mais erreur taille correspond 45cm               
Gants Lacoste enfant Neufs 6-8 ans ,"16,00 ‚Ç¨",Lacoste,"   Lacoste             Gants LACOSTE  Tout NEUFS  Erreur de taille malheureusement, c‚Äôest pour cela que je les vends ... ils sont magnifiques.                "
Mouffles fourr√©es 12 √† 24 mois √©tat neuf,"2,00 ‚Ç¨",None,             Bien chaudes              
Gants imperm√©ables b√©b√© ,"3,00 ‚Ç¨",H&M,   H&M             moufles pour la main enti√®re  taille 2 √† 6 mois h et m  neuves               
Casquette adidas bleue,"6,00 ‚Ç¨",Adidas,   Adidas             Port√©e une fois              
Bonnet Disney Jack le pirate,"6,00 ‚Ç¨",Disney,   Disney             Au top pour l hiver üíü  Bonnet Disney Jack le pirate  Couleur gris et blanc  Taille 52  Neuf                
Bonnet Natalys,"2,00 ‚Ç¨",natalys,   natalys             bon √©tat g√©n√©ral  Taille 2  pour enfant de 2 ans               
"Casquette hello kitty, 54","2,00 ‚Ç¨",Hello Kitty,"   Hello Kitty             Blanche et bleue, taille 54              "
Gorritos de algod√≥n nuevos de h&m,"1,50 ‚Ç¨",H&M,   H&M             Est√°n nuevos con etiqueta. Primera puesta              
Uv pet,"1,00 ‚Ç¨",Hema,"   Hema             Ongedragen, maat 86/92              "
Lot de 2 ceintures ado,"6,00 ‚Ç¨",Kaporal,   Kaporal             Tr√®s bon √©tat                
Gants Kenny ,"15,00 ‚Ç¨",None,"             Vends gants de la marque Kenny √©tat neuf, noirs, taille 3, id√©al petites mains ! Utilis√© pour faire du BMX              "
Gorra Fox ,"6,00 ‚Ç¨",Fox,"   Fox             Usado muy pocas veces,  color negro y naranja.               "
Casquette DPAM rouge,"1,00 ‚Ç¨",None,             Casquette DPAM rouge  0-3 mois               
Bonnet de bain neuf,"1,00 ‚Ç¨",None,             Utilis√© une seule fois. Taille unique.              
Bonnet Disney Jake le pirate,"6,00 ‚Ç¨",Disney,   Disney             Au top pour l hiver üíü  Bonnet Disney Jack le pirate  Couleur marine  Taille 54  Neuf              
Gorra FOX ,"6,00 ‚Ç¨",Fox,   Fox             En buen estado. Negra  Talla Ni√±o para 4-5 a√±os               
Bonnet beige,"1,00 ‚Ç¨",None,             Bonnet beige              
Bonnet en laine Benetton enfant 10-12 ans,"5,00 ‚Ç¨",United Colors of Benetton,   United Colors of Benetton             Neuf sans √©tiquette . article jamais port√© .  Bleu clair .               
Chapka grise 3 mois Oba√Øbi,"1,00 ‚Ç¨",None,             Chapka Grise 3 mois Oba√Øbi              
Bonnet noir reebok enfant 10 12 ans ,"1,50 ‚Ç¨",Reebok,   Reebok             Port√©. Quelques peluches.              
Bretelles noires,"1,00 ‚Ç¨",None,             Bretelles noires port√©es 2 ou 4 fois              
Gants de ski enfant 4 ans ,"3,50 ‚Ç¨",Go sport,   Go sport             tr√®s bon √©tat               
Casquette hiver neuve ,"4,50 ‚Ç¨",oka√Ødi,   oka√Ødi             Tr√®s jolie Casquette hiver neuve avec patch  Touch√© tout doux  Tour de taille 43cm √©quivaut √† 3 mois  Okaidi               
Bonnet petit bateau T45cm,"6,00 ‚Ç¨",Petit Bateau,   Petit Bateau             bonnet coton indiqu√© 67cm mais erreur taille correspond 45cm               
